dataset_version,pcap_path,sha256,canonical_label,original_label,profile_id,run_id,dataset_role,split,packet_count,observed_packet_span_s,pcap_file_size_bytes,capture_started_at_utc,capture_ended_at_utc
1.0,pcaps/known/email/email_p01_R01.pcap,4c1b9ad9b38ff5dec88815407789c3345360403e4516318a3864fef3c2ce4f71,email,email,P01,R01,train_known,train,5016,18.957787,5251192,2026-08-30T05:55:33.043929+00:00,2026-08-30T05:55:52.001716+00:00
1.0,pcaps/known/email/email_p01_R02.pcap,4196c2e217444583a1322907f551f815a880dfc0babdce351ec4644bfb518b5c,email,email,P01,R02,train_known,train,5391,12.682746,6105358,2026-08-30T05:56:23.916886+00:00,2026-08-30T05:56:36.599632+00:00
1.0,pcaps/known/email/email_p01_R03.pcap,db796485054e2936ddf9e4c753477583c27f608de7cce1ce5dd83fa0bdb24484,email,email,P01,R03,train_known,train,3260,10.000694,3616768,2026-08-30T13:40:12.082559+00:00,2026-08-30T13:40:22.083253+00:00
1.0,pcaps/known/email/email_p01_R04.pcap,4821e9436310c581c097ecec286b39a680cd437e91cec894678e2dc61601ea43,email,email,P01,R04,train_known,validation,4846,13.767381,5734900,2026-08-30T13:40:54.866238+00:00,2026-08-30T13:41:08.633619+00:00
1.0,pcaps/known/email/email_p01_R05.pcap,f602a5da15c4cab0e9f5fd88f53651c0c35f470820975cfaaa463bdb33e94090,email,email,P01,R05,train_known,locked_test,3001,8.150482,3570994,2026-08-30T13:41:41.380054+00:00,2026-08-30T13:41:49.530536+00:00
1.0,pcaps/known/email/email_p02_R01.pcap,4d08dbd698dc9b02ccb5b78e0eade0820d491a451101d4d76a6f865ca7f754df,email,email,P02,R01,train_known,train,2777,9.753577,2956054,2026-08-30T05:57:09.395474+00:00,2026-08-30T05:57:19.149051+00:00
1.0,pcaps/known/email/email_p02_R02.pcap,301ecd7fedcea9e89b7848db660bf6a1c89d870b22318131b4a8fadde0c807e7,email,email,P02,R02,train_known,train,7075,13.45167,7977282,2026-08-30T05:57:51.695042+00:00,2026-08-30T05:58:05.146712+00:00
1.0,pcaps/known/email/email_p02_R03.pcap,771246386822b0438b5e33c563fd0243d581f8b9f7f57e2fc1aa3442cb3ba73e,email,email,P02,R03,train_known,train,5134,15.322197,5475004,2026-08-30T13:42:22.537271+00:00,2026-08-30T13:42:37.859468+00:00
1.0,pcaps/known/email/email_p02_R04.pcap,a9af7f5a927c5bd4540f22bf1da4e7a2076d6d7848329a56ba2f59f3e26d5443,email,email,P02,R04,train_known,validation,2592,10.426482,2770752,2026-08-30T13:43:10.699209+00:00,2026-08-30T13:43:21.125691+00:00
1.0,pcaps/known/email/email_p02_R05.pcap,dad9ded2ec0051bd2ead93d868ad30aabe62383ad8cad20473ec5b5da5ba6b80,email,email,P02,R05,train_known,locked_test,5495,16.839248,6158822,2026-08-30T13:43:53.798346+00:00,2026-08-30T13:44:10.637594+00:00
1.0,pcaps/known/email/email_p03_R01.pcap,2347db86da5a0eb6dc720a7ab1a727976e11556ffbf92e876f2ad7cf1ae4e668,email,email,P03,R01,train_known,train,3889,10.655584,4317426,2026-08-30T05:58:37.953508+00:00,2026-08-30T05:58:48.609092+00:00
1.0,pcaps/known/email/email_p03_R02.pcap,3baf28d06aeaeccf2a50d3dfbe7ad93a7aa08f44aa1b79d86a9277b8861d85f2,email,email,P03,R02,train_known,train,5288,16.454613,5790312,2026-08-30T05:59:21.298624+00:00,2026-08-30T05:59:37.753237+00:00
1.0,pcaps/known/email/email_p03_R03.pcap,eebbd35eab05e26ad2a99f664b98300323d85d011bbdfe99bd0109b06ed479c5,email,email,P03,R03,train_known,train,5275,11.562996,6274342,2026-08-30T13:44:43.545584+00:00,2026-08-30T13:44:55.108580+00:00
1.0,pcaps/known/email/email_p03_R04.pcap,64bfc0ebdc320926a830e9f21f09450e07bc7c835ca0c7aaa49fba0eccc8f022,email,email,P03,R04,train_known,validation,5605,17.20932,6125194,2026-08-30T13:45:28.007871+00:00,2026-08-30T13:45:45.217191+00:00
1.0,pcaps/known/email/email_p03_R05.pcap,1854790a80d72c1608fd44fb3210ad0817fa3c7ec5ed156dba542dc86ad32cc3,email,email,P03,R05,train_known,locked_test,5267,13.997227,6039766,2026-08-30T13:46:18.119939+00:00,2026-08-30T13:46:32.117166+00:00
1.0,pcaps/known/email/email_p04_R01.pcap,e91be4f5ac8c08a56d47e281c2e8ee8c2f3c0ecaefb2877a75b7fe0d68b1d11c,email,email,P04,R01,train_known,train,5094,13.026151,5773380,2026-08-30T06:00:10.052938+00:00,2026-08-30T06:00:23.079089+00:00
1.0,pcaps/known/email/email_p04_R02.pcap,a93514bd13b98a1691fd89ea1dbd9bfe60b78e8c7521b3133e7d3f9e454b0fef,email,email,P04,R02,train_known,train,7258,18.907607,7818924,2026-08-30T06:00:55.831313+00:00,2026-08-30T06:01:14.738920+00:00
1.0,pcaps/known/email/email_p04_R03.pcap,c5fac472244e39b96d78157330686c19082b7c8051d5dffd9f75d76852939531,email,email,P04,R03,train_known,train,3382,9.894153,3437940,2026-08-30T13:47:05.479858+00:00,2026-08-30T13:47:15.374011+00:00
1.0,pcaps/known/email/email_p04_R04.pcap,f83ceedee7ecf020a82b0b24fcec590b9bc26678e2471c288fc27d0689a93939,email,email,P04,R04,train_known,validation,7564,14.29186,7914544,2026-08-30T13:47:48.236699+00:00,2026-08-30T13:48:02.528559+00:00
1.0,pcaps/known/email/email_p04_R05.pcap,387baaf67485b4939354a9e51d0c0da0e59861cab53ad2559db47be7b4215df4,email,email,P04,R05,train_known,locked_test,3746,8.87719,3703500,2026-08-30T13:48:35.319483+00:00,2026-08-30T13:48:44.196673+00:00
1.0,pcaps/known/email/email_p05_R01.pcap,3b0fac0374b1921df8b7b9eb615c40d72cbe2238ab19eadaef7e93c3a820fd24,email,email,P05,R01,train_known,train,4634,13.909127,4854676,2026-08-30T06:07:56.113006+00:00,2026-08-30T06:08:10.022133+00:00
1.0,pcaps/known/email/email_p05_R02.pcap,2b030f3cead85fb9b084cf0870079b2cb6113165d714f5c818464e11eeb81bf5,email,email,P05,R02,train_known,train,2997,9.312403,3097782,2026-08-30T06:08:42.299213+00:00,2026-08-30T06:08:51.611616+00:00
1.0,pcaps/known/email/email_p05_R03.pcap,f4fa8bda30e1d3a61464ca5dd93e24996e6dd94fe29edd987856e2b09888da80,email,email,P05,R03,train_known,train,5372,17.20667,5535392,2026-08-30T13:49:17.103579+00:00,2026-08-30T13:49:34.310249+00:00
1.0,pcaps/known/email/email_p05_R04.pcap,92803eadc2bc57aef90bc8e74e27489b16f4c1c60a32ae371ab86dd545449387,email,email,P05,R04,train_known,validation,5994,13.070983,6577316,2026-08-30T13:50:07.450274+00:00,2026-08-30T13:50:20.521257+00:00
1.0,pcaps/known/email/email_p05_R05.pcap,81b73bbe2fa75ecb7dc090fee3c3e43abfa16319985ddf74a20da1a5d69efc98,email,email,P05,R05,train_known,locked_test,7465,18.410204,8358462,2026-08-30T13:50:53.665451+00:00,2026-08-30T13:51:12.075655+00:00
1.0,pcaps/known/file_transfer/file_p01.pcap,ba0828d9c86bcc748dc7745fc3937b55f631a33fed74b2b210aa2a8041363c62,file_transfer,file_transfer,P01,R01,train_known,train,6370,10.032503,9344220,2026-08-27T21:31:12.746786+00:00,2026-08-27T21:31:22.779289+00:00
1.0,pcaps/known/file_transfer/file_p02.pcap,2cebf449d0e6c1a336157ff965700d6759e7f5fd683a8ba498ef52e09b665e02,file_transfer,file_transfer,P02,R01,train_known,train,12653,15.557975,18642578,2026-08-27T21:31:57.490376+00:00,2026-08-27T21:32:13.048351+00:00
1.0,pcaps/known/file_transfer/file_p03.pcap,0f9f2d9d8007987c467124965ce40330ca09328cf2f106241e92f78c66cba66c,file_transfer,file_transfer,P03,R01,train_known,train,18920,20.206486,27904152,2026-08-27T21:32:49.245816+00:00,2026-08-27T21:33:09.452302+00:00
1.0,pcaps/known/file_transfer/file_p04.pcap,191129df84bd08a3f984393b951bafe357f96fcfce6857989abdf643f7146adf,file_transfer,file_transfer,P04,R01,train_known,train,25258,31.185359,36907404,2026-08-27T21:33:46.054250+00:00,2026-08-27T21:34:17.239609+00:00
1.0,pcaps/known/file_transfer/file_p05.pcap,1cd27c50783b4d35733d7872d03619ae130ad42430d9b2ea7ce5349999f59b84,file_transfer,file_transfer,P05,R01,train_known,train,39099,32.708278,57881162,2026-08-27T21:34:53.813112+00:00,2026-08-27T21:35:26.521390+00:00
1.0,pcaps/known/file_transfer/file_transfer_p01_R02.pcap,7a2b68b65fbe6d00f1ea5abc2a625dcdff2e35acf2f9e225f14529a4415367d2,file_transfer,file_transfer,P01,R02,train_known,train,25206,28.794624,37221140,2026-08-30T05:42:30.844202+00:00,2026-08-30T05:42:59.638826+00:00
1.0,pcaps/known/file_transfer/file_transfer_p01_R03.pcap,c45ac9c70bacfcafc56d308e96b7e85de82f23ee45520fe3b5c99031d5adcb8f,file_transfer,file_transfer,P01,R03,train_known,train,6903,5.338078,9392990,2026-08-30T13:17:11.400594+00:00,2026-08-30T13:17:16.738672+00:00
1.0,pcaps/known/file_transfer/file_transfer_p01_R04.pcap,c60a394c9ec5a355bbd66c16957a926662c90501295342012412af8c88efd34f,file_transfer,file_transfer,P01,R04,train_known,validation,18997,16.517081,27910266,2026-08-30T13:17:48.055688+00:00,2026-08-30T13:18:04.572769+00:00
1.0,pcaps/known/file_transfer/file_transfer_p01_R05.pcap,911ff1384694bba5eef67eeabb4e45de5613b9de62597d59307f1df464a21468,file_transfer,file_transfer,P01,R05,train_known,locked_test,30170,21.310557,37965164,2026-08-30T13:18:35.997107+00:00,2026-08-30T13:18:57.307664+00:00
1.0,pcaps/known/file_transfer/file_transfer_p02_R02.pcap,9a162c1dfbb148e5a26949fc30c4f8ae4cbfa6b11bacc0e48d3a664eb683418f,file_transfer,file_transfer,P02,R02,train_known,train,19217,18.799074,27995802,2026-08-30T05:43:30.530152+00:00,2026-08-30T05:43:49.329226+00:00
1.0,pcaps/known/file_transfer/file_transfer_p02_R03.pcap,bc2bffc8987fcbb0a0a3381a936388d821bc132994b99e04a7c72e1cd61c8d8c,file_transfer,file_transfer,P02,R03,train_known,train,12765,25.566256,18639506,2026-08-30T13:19:29.009093+00:00,2026-08-30T13:19:54.575349+00:00
1.0,pcaps/known/file_transfer/file_transfer_p02_R04.pcap,ea29ba7f37634d8a67cf6858c17ad2efd4cbc2ac7b5d57cc3c2d1ea12567f24c,file_transfer,file_transfer,P02,R04,train_known,validation,6342,11.684323,9302860,2026-08-30T13:20:26.244941+00:00,2026-08-30T13:20:37.929264+00:00
1.0,pcaps/known/file_transfer/file_transfer_p02_R05.pcap,3a1091ca8eab1695cae60782d962575a5deacdea451ec9db0369b7e3f8326b46,file_transfer,file_transfer,P02,R05,train_known,locked_test,6426,10.41533,9330472,2026-08-30T13:21:09.687130+00:00,2026-08-30T13:21:20.102460+00:00
1.0,pcaps/known/file_transfer/file_transfer_p03_R02.pcap,96ef7d1b3502e55bf3a264c255b583583882967ea7554f3ff758ba2ef3101d42,file_transfer,file_transfer,P03,R02,train_known,train,6693,5.141019,9359130,2026-08-30T05:44:20.179165+00:00,2026-08-30T05:44:25.320184+00:00
1.0,pcaps/known/file_transfer/file_transfer_p03_R03.pcap,7af4d1b338276e84a84565a16c1156f621cc086188ce4e3306916945a0fa0438,file_transfer,file_transfer,P03,R03,train_known,train,6538,8.525006,9346588,2026-08-30T13:21:51.916117+00:00,2026-08-30T13:22:00.441123+00:00
1.0,pcaps/known/file_transfer/file_transfer_p03_R04.pcap,e5dd80f09a161f8bc0f85e528c007d7b41252742d8893ff9fe79fb8535bc0ba5,file_transfer,file_transfer,P03,R04,train_known,validation,12716,17.078675,18644224,2026-08-30T13:22:31.871322+00:00,2026-08-30T13:22:48.949997+00:00
1.0,pcaps/known/file_transfer/file_transfer_p03_R05.pcap,771e4fd3f28712a754d27ca54ab68f5f5637bd27cc97179041970892d00d7018,file_transfer,file_transfer,P03,R05,train_known,locked_test,25063,32.903858,37205982,2026-08-30T13:23:20.557848+00:00,2026-08-30T13:23:53.461706+00:00
1.0,pcaps/known/file_transfer/file_transfer_p04_R02.pcap,355f4407e185e02b23c706cb6120645a4158f3ed2fbf715d9ab4f423a3596715,file_transfer,file_transfer,P04,R02,train_known,train,6570,14.171405,9269212,2026-08-30T05:44:56.318225+00:00,2026-08-30T05:45:10.489630+00:00
1.0,pcaps/known/file_transfer/file_transfer_p04_R03.pcap,10d9ce9223e2acfb0aeded13c84fe2275f4bb7900d880f87fa608c649b5f3ccb,file_transfer,file_transfer,P04,R03,train_known,train,19118,21.215593,27721924,2026-08-30T13:24:25.341328+00:00,2026-08-30T13:24:46.556921+00:00
1.0,pcaps/known/file_transfer/file_transfer_p04_R04.pcap,2db9b4e19c2522648224722468f9b46186f59478af2e9a9f461ee4f8185ee01c,file_transfer,file_transfer,P04,R04,train_known,validation,6614,5.953002,9272836,2026-08-30T13:25:18.413854+00:00,2026-08-30T13:25:24.366856+00:00
1.0,pcaps/known/file_transfer/file_transfer_p04_R05.pcap,6fef9e18ae3a4ab34c0884b69447612945fbd7762d85b15d02ac35045cc8e61b,file_transfer,file_transfer,P04,R05,train_known,locked_test,24177,18.979929,28441738,2026-08-30T13:25:55.773009+00:00,2026-08-30T13:26:14.752938+00:00
1.0,pcaps/known/file_transfer/file_transfer_p05_R02.pcap,780376952bbd9d3a15b687877a8e0d2b96fb8ea9de50a1a573bac41a248e61a6,file_transfer,file_transfer,P05,R02,train_known,train,13106,22.125533,19299972,2026-08-30T05:45:41.492754+00:00,2026-08-30T05:46:03.618287+00:00
1.0,pcaps/known/file_transfer/file_transfer_p05_R03.pcap,45bce36697b691801ad16e5ee308c852205650857013ac50944acc6245548f5f,file_transfer,file_transfer,P05,R03,train_known,train,26274,23.065463,38619892,2026-08-30T13:26:46.083562+00:00,2026-08-30T13:27:09.149025+00:00
1.0,pcaps/known/file_transfer/file_transfer_p05_R04.pcap,ee0d709936ae35f30b15e36008dec82bcc8d2d415013431f82aefaf0cc8c2073,file_transfer,file_transfer,P05,R04,train_known,validation,19713,16.567244,28981150,2026-08-30T13:27:40.549561+00:00,2026-08-30T13:27:57.116805+00:00
1.0,pcaps/known/file_transfer/file_transfer_p05_R05.pcap,e93312df9c99c5447c732f1de78ecf2c8457a5644b1d139aa18bf29c29fd1eb8,file_transfer,file_transfer,P05,R05,train_known,locked_test,26177,21.931401,38608894,2026-08-30T13:28:28.492614+00:00,2026-08-30T13:28:50.424015+00:00
1.0,pcaps/known/icmp/icmp_p01_R02.pcap,169d28957b2b68644b317d819f4608e2e83cead1343db4e79f964e60159d2942,icmp,icmp,P01,R02,train_known,train,96,7.146048,93144,2026-08-30T05:52:04.023022+00:00,2026-08-30T05:52:11.169070+00:00
1.0,pcaps/known/icmp/icmp_p01_R03.pcap,b83a71f5c8ccc0b71aa554380a4fa2390e6b6574a0316e48a9470349e227bc86,icmp,icmp,P01,R03,train_known,train,128,9.58008,101656,2026-08-30T13:29:21.797076+00:00,2026-08-30T13:29:31.377156+00:00
1.0,pcaps/known/icmp/icmp_p01_R04.pcap,1f768665cfd5a156b640f34e6365e15683cd410dd4b66c9cd00d0479f9c1abab,icmp,icmp,P01,R04,train_known,validation,212,15.960396,178528,2026-08-30T13:30:02.808602+00:00,2026-08-30T13:30:18.768998+00:00
1.0,pcaps/known/icmp/icmp_p01_R05.pcap,3ad5749e91f93623b876a2bba3e9f9ad43683bc2a1501228d4bf2f8835d46f0c,icmp,icmp,P01,R05,train_known,locked_test,110,8.214509,97924,2026-08-30T13:30:50.234707+00:00,2026-08-30T13:30:58.449216+00:00
1.0,pcaps/known/icmp/icmp_p02_R02.pcap,47f3fb2cafb362267ac934714e8ac3896aee7ab2a06ea58d7bca905dae4f5b7c,icmp,icmp,P02,R02,train_known,train,128,9.577517,139032,2026-08-30T05:52:42.015550+00:00,2026-08-30T05:52:51.593067+00:00
1.0,pcaps/known/icmp/icmp_p02_R03.pcap,2632e6818cbfeaf0273d0d79ee2b6a448bdba4ed1409925587a98ee0aa200d85,icmp,icmp,P02,R03,train_known,train,184,13.83432,186600,2026-08-30T13:31:29.742782+00:00,2026-08-30T13:31:43.577102+00:00
1.0,pcaps/known/icmp/icmp_p02_R04.pcap,7b48b516d1a05dad6f33038ea052fae478deb648e7ffbea1d48e1999acafae0c,icmp,icmp,P02,R04,train_known,validation,76,5.623729,80736,2026-08-30T13:32:14.913536+00:00,2026-08-30T13:32:20.537265+00:00
1.0,pcaps/known/icmp/icmp_p02_R05.pcap,b095a682172f964efbd8d3df1389a8fb1b9d3ae0952ff4b4201569ed19d7f486,icmp,icmp,P02,R05,train_known,locked_test,152,11.398785,166920,2026-08-30T13:32:51.906299+00:00,2026-08-30T13:33:03.305084+00:00
1.0,pcaps/known/icmp/icmp_p03_R02.pcap,8454192b23916a62ae350b51bee0ffb6a9e5f67d22ca2439d4f75ec625251387,icmp,icmp,P03,R02,train_known,train,208,15.658529,255032,2026-08-30T05:53:22.398525+00:00,2026-08-30T05:53:38.057054+00:00
1.0,pcaps/known/icmp/icmp_p03_R03.pcap,c46b6f08edc0d0612c0671b9fee8b5634ca9624753aa08c0c5c1945fdd080354,icmp,icmp,P03,R03,train_known,train,234,17.632673,290652,2026-08-30T13:33:34.592523+00:00,2026-08-30T13:33:52.225196+00:00
1.0,pcaps/known/icmp/icmp_p03_R04.pcap,dff32d978c377df323bef99c08351bd467bad89118f96af8bc1ac624c466e916,icmp,icmp,P03,R04,train_known,validation,134,10.03473,172884,2026-08-30T13:34:23.550287+00:00,2026-08-30T13:34:33.585017+00:00
1.0,pcaps/known/icmp/icmp_p03_R05.pcap,b65de8537384d20400eda694085cf5cf384ab3efb204550b29b15b771041986c,icmp,icmp,P03,R05,train_known,locked_test,220,16.571704,294384,2026-08-30T13:35:04.925358+00:00,2026-08-30T13:35:21.497062+00:00
1.0,pcaps/known/icmp/icmp_p04_R02.pcap,a8bcba1d8c9a9454b0177b25ffe1d183633037ea2da48ef048a3d6dc47346396,icmp,icmp,P04,R02,train_known,train,102,7.598886,16548,2026-08-30T05:54:09.074165+00:00,2026-08-30T05:54:16.673051+00:00
1.0,pcaps/known/icmp/icmp_p04_R03.pcap,65894194ca87eab5336d7d3dedb971cc504402e6d1184e4403e62d931210d068,icmp,icmp,P04,R03,train_known,train,110,8.215265,30164,2026-08-30T13:35:52.889732+00:00,2026-08-30T13:36:01.104997+00:00
1.0,pcaps/known/icmp/icmp_p04_R04.pcap,795625e66b571e233848307d664816d17ddd21378ef174f26486003709e04fe6,icmp,icmp,P04,R04,train_known,validation,192,14.445434,58776,2026-08-30T13:36:32.315712+00:00,2026-08-30T13:36:46.761146+00:00
1.0,pcaps/known/icmp/icmp_p04_R05.pcap,343327284089f17b5ad281bc419bf81946f8b6a0db62f8d4cebe1d726e6a95ab,icmp,icmp,P04,R05,train_known,locked_test,86,6.383002,30468,2026-08-30T13:37:17.858068+00:00,2026-08-30T13:37:24.241070+00:00
1.0,pcaps/known/icmp/icmp_p05_R02.pcap,b08336c52dca770f78cbad947a3b03a42d36211e8223502cb91d6cba85b94978,icmp,icmp,P05,R02,train_known,train,178,13.375935,66596,2026-08-30T05:54:47.593097+00:00,2026-08-30T05:55:00.969032+00:00
1.0,pcaps/known/icmp/icmp_p05_R03.pcap,5c7d95f531180d551eedda5c212d5f5b39dfbae4f1fd1960b6b7109a0f86106e,icmp,icmp,P05,R03,train_known,train,156,11.707251,85824,2026-08-30T13:37:55.501632+00:00,2026-08-30T13:38:07.208883+00:00
1.0,pcaps/known/icmp/icmp_p05_R04.pcap,220ec131754373a5aba26873432b3bc2e89e89685ad165b0e2ba5e0c4d723af5,icmp,icmp,P05,R04,train_known,validation,244,18.392278,145936,2026-08-30T13:38:38.425028+00:00,2026-08-30T13:38:56.817306+00:00
1.0,pcaps/known/icmp/icmp_p05_R05.pcap,2eeddd9265660ef6e33d6a99e5e3ed9727bba581184743660bd251599a5ef835,icmp,icmp,P05,R05,train_known,locked_test,146,10.945162,94340,2026-08-30T13:39:28.416022+00:00,2026-08-30T13:39:39.361184+00:00
1.0,pcaps/known/icmp/ping_p01.pcap,90a2dc791bbc5b0f46b2b65db7b67debd438dca2d6c1d333a97e634ecd4c6da7,icmp,icmp,P01,R01,train_known,train,84,19.653278,15136,2026-08-27T22:56:25.468009+00:00,2026-08-27T22:56:45.121287+00:00
1.0,pcaps/known/icmp/ping_p02.pcap,eb4060f9ac3650e733f62875c1423e0d26b9c58933634e2089b68ceec34747a8,icmp,icmp,P02,R01,train_known,train,126,24.846896,21732,2026-08-27T22:57:20.098141+00:00,2026-08-27T22:57:44.945037+00:00
1.0,pcaps/known/icmp/ping_p03.pcap,8a4e37288062d4a8c5bd3288343cdbd31bee23d267cbcdf0529bc0b6837ee38d,icmp,icmp,P03,R01,train_known,train,164,24.017378,30016,2026-08-27T22:58:19.847908+00:00,2026-08-27T22:58:43.865286+00:00
1.0,pcaps/known/icmp/ping_p04.pcap,48c0bdbd8e484a46f97f89abb140194560f8bc8d4727a20022fb0e2f27573c2f,icmp,icmp,P04,R01,train_known,train,104,31.283455,18056,2026-08-27T22:59:19.614891+00:00,2026-08-27T22:59:50.898346+00:00
1.0,pcaps/known/icmp/ping_p05.pcap,ad99e787df6c87c1d96a5a1ee113003b93ec3d30eebedbbdc7aaff1545d1605c,icmp,icmp,P05,R01,train_known,train,200,20.587327,46024,2026-08-27T23:00:24.349883+00:00,2026-08-27T23:00:44.937210+00:00
1.0,pcaps/known/messaging/messaging_p01_R01.pcap,6e5d18c1f2615b4a48cacc4a5e6c694d627ead97e9be9324c9b55baa1f62078a,messaging,messaging,P01,R01,train_known,train,764,84.570411,273792,2026-08-30T06:09:23.982074+00:00,2026-08-30T06:10:48.552485+00:00
1.0,pcaps/known/messaging/messaging_p01_R02.pcap,93bd724e309defc507b060e21de8ff2305adc60f75dc0738670d7fcd412484f8,messaging,messaging,P01,R02,train_known,train,373,61.286078,95402,2026-08-30T06:11:20.742517+00:00,2026-08-30T06:12:22.028595+00:00
1.0,pcaps/known/messaging/messaging_p01_R03.pcap,75dc4c1c863a09fba14c70c78d13031071dff0bd50847147d892713c28dbfd94,messaging,messaging,P01,R03,train_known,train,778,86.37927,289132,2026-08-30T13:51:45.182793+00:00,2026-08-30T13:53:11.562063+00:00
1.0,pcaps/known/messaging/messaging_p01_R04.pcap,df2ea581b7ba13104a3abf233bbcb42e448af3a4f61292888c42f6853da408cd,messaging,messaging,P01,R04,train_known,validation,441,68.116056,150866,2026-08-30T13:53:44.248350+00:00,2026-08-30T13:54:52.364406+00:00
1.0,pcaps/known/messaging/messaging_p01_R05.pcap,d39d16835a5eabdd6f9cfa67db2bfd46426ce64c22c38a1e96828b6ddb61ccf5,messaging,messaging,P01,R05,train_known,locked_test,795,78.160557,247222,2026-08-30T13:55:24.988125+00:00,2026-08-30T13:56:43.148682+00:00
1.0,pcaps/known/messaging/messaging_p02_R01.pcap,7e6182ec5da3f897f2f63f3909ab85e5e8ed482dc4558d815de654d1be9552bd,messaging,messaging,P02,R01,train_known,train,1034,72.945485,269420,2026-08-30T06:12:54.066794+00:00,2026-08-30T06:14:07.012279+00:00
1.0,pcaps/known/messaging/messaging_p02_R02.pcap,795697a25343b7b14fdc4695033b664b047831cf2549a6bebd9ef1a22b98a2fd,messaging,messaging,P02,R02,train_known,train,752,87.117685,220628,2026-08-30T06:14:39.135975+00:00,2026-08-30T06:16:06.253660+00:00
1.0,pcaps/known/messaging/messaging_p02_R03.pcap,5623849daf022d1e98ed333de4fc576b02c08568c68f0e7532844c4f45f2e8a3,messaging,messaging,P02,R03,train_known,train,843,58.738365,279306,2026-08-30T13:57:15.909660+00:00,2026-08-30T13:58:14.648025+00:00
1.0,pcaps/known/messaging/messaging_p02_R04.pcap,8263de9d5b739d74737ef39d4eba95f8f232500a1b51042a42ff9fd215095f6d,messaging,messaging,P02,R04,train_known,validation,367,58.649403,78250,2026-08-30T13:58:47.463375+00:00,2026-08-30T13:59:46.112778+00:00
1.0,pcaps/known/messaging/messaging_p02_R05.pcap,99b25883444129fe180df1ea97f2d50e7d15a8f21cd42545f0e531f4c7f90b2e,messaging,messaging,P02,R05,train_known,locked_test,738,59.92222,213180,2026-08-30T14:00:18.808666+00:00,2026-08-30T14:01:18.730886+00:00
1.0,pcaps/known/messaging/messaging_p03_R01.pcap,0d772f78d89bf5bfee1a9941189e418117812da185622670cad932bdf52165c0,messaging,messaging,P03,R01,train_known,train,798,73.025398,237156,2026-08-30T06:16:38.387381+00:00,2026-08-30T06:17:51.412779+00:00
1.0,pcaps/known/messaging/messaging_p03_R02.pcap,5dc6de3d4e929e4285a7a343be2876569f817294809a43f8d5a82fde45e5085a,messaging,messaging,P03,R02,train_known,train,452,87.084853,120944,2026-08-30T06:18:23.463779+00:00,2026-08-30T06:19:50.548632+00:00
1.0,pcaps/known/messaging/messaging_p03_R03.pcap,302fd831cec4a3ebf3d7a52b72e736931cb87faab4e1a0061347893ca1cb248e,messaging,messaging,P03,R03,train_known,train,659,65.627941,151350,2026-08-30T14:01:51.378628+00:00,2026-08-30T14:02:57.006569+00:00
1.0,pcaps/known/messaging/messaging_p03_R04.pcap,82e6e2e9c1e5bb51c99c31e24865ca11e025b7fa97f36e5a1049d46ca3018c9f,messaging,messaging,P03,R04,train_known,validation,1022,73.05655,277732,2026-08-30T14:03:29.664940+00:00,2026-08-30T14:04:42.721490+00:00
1.0,pcaps/known/messaging/messaging_p03_R05.pcap,fee7cc7d9bd179abbebdf13348139112f1bce3ea8c6fe69502d34b4b0e950799,messaging,messaging,P03,R05,train_known,locked_test,771,87.958467,249958,2026-08-30T14:05:15.302260+00:00,2026-08-30T14:06:43.260727+00:00
1.0,pcaps/known/messaging/messaging_p04_R01.pcap,e77bb6cf4782f526cf57a684cec1db1d66a188b139195f6e6652715adf2537fe,messaging,messaging,P04,R01,train_known,train,506,73.734855,131084,2026-08-30T06:20:22.907968+00:00,2026-08-30T06:21:36.642823+00:00
1.0,pcaps/known/messaging/messaging_p04_R02.pcap,160bbf1bf3ce103cb323a0d59237f26757fed9a3d08d2a60d259d95343ec2ec7,messaging,messaging,P04,R02,train_known,train,897,91.967419,249594,2026-08-30T06:22:08.553842+00:00,2026-08-30T06:23:40.521261+00:00
1.0,pcaps/known/messaging/messaging_p04_R03.pcap,da41cd52f53fd1ea517d02d4f396ffa4d3ccf5832b14f0ae567fc11785ccdb81,messaging,messaging,P04,R03,train_known,train,736,76.456958,171592,2026-08-30T14:07:16.158413+00:00,2026-08-30T14:08:32.615371+00:00
1.0,pcaps/known/messaging/messaging_p04_R04.pcap,ba94a59f8246c179b4ca6a4e4471195b2eb40db4ab1d4f2df87bb19603da3bca,messaging,messaging,P04,R04,train_known,validation,477,50.018739,145522,2026-08-30T14:09:05.545731+00:00,2026-08-30T14:09:55.564470+00:00
1.0,pcaps/known/messaging/messaging_p04_R05.pcap,63a389bf5fa707bd985bbaba28b3a096b46eedd1b5819efb7b4383aa40a5426d,messaging,messaging,P04,R05,train_known,locked_test,782,86.055095,222532,2026-08-30T14:10:28.316027+00:00,2026-08-30T14:11:54.371122+00:00
1.0,pcaps/known/messaging/messaging_p05_R01.pcap,9c00712462b6d33f3ed9d64ac78b3c956b60d7c8b60771e7254c33acbcbbc8df,messaging,messaging,P05,R01,train_known,train,925,82.622786,268374,2026-08-30T06:24:12.717549+00:00,2026-08-30T06:25:35.340335+00:00
1.0,pcaps/known/messaging/messaging_p05_R02.pcap,2b6f4c50ff45ca3696028c371eb9bb1f45d0b952738c7206169c039c3ddce2e7,messaging,messaging,P05,R02,train_known,train,776,62.264697,336760,2026-08-30T06:26:07.468596+00:00,2026-08-30T06:27:09.733293+00:00
1.0,pcaps/known/messaging/messaging_p05_R03.pcap,81e88ee60e6283461bca4dfb6f33fcbd312aae6e593061566957aee2e79b4204,messaging,messaging,P05,R03,train_known,train,776,73.22794,229080,2026-08-30T14:12:27.007344+00:00,2026-08-30T14:13:40.235284+00:00
1.0,pcaps/known/messaging/messaging_p05_R04.pcap,91022a64add99ee483ccbe52260856985c5c242be5f25b1144a6c7271cb47825,messaging,messaging,P05,R04,train_known,validation,546,90.844376,211684,2026-08-30T14:14:13.066885+00:00,2026-08-30T14:15:43.911261+00:00
1.0,pcaps/known/messaging/messaging_p05_R05.pcap,9496de398ec72db532ddc9f1cde3861b83b327212b303b7dea0229e03e0e4a20,messaging,messaging,P05,R05,train_known,locked_test,990,75.815126,377612,2026-08-30T14:16:16.572044+00:00,2026-08-30T14:17:32.387170+00:00
1.0,pcaps/known/video/video_p01.pcap,917dbe2855d9b3688c55032e94cc41287630c6df580057a873d62790de402fc2,video,video,P01,R01,train_known,train,7721,47.429344,9519666,2026-08-27T19:52:57.164597+00:00,2026-08-27T19:53:44.593941+00:00
1.0,pcaps/known/video/video_p01_R02.pcap,0e1d3f49a39e1d3033675cd062c6899bbf08ea83f7ef2e2ab6d8d323ad86ac24,video,video,P01,R02,train_known,train,7556,16.704991,8943936,2026-08-30T05:38:30.335240+00:00,2026-08-30T05:38:47.040231+00:00
1.0,pcaps/known/video/video_p01_R03.pcap,f9aa8b38b30722a808265570b649a056428fb1baf66b4fda169bfe59956ec5ac,video,video,P01,R03,train_known,train,6290,16.009178,7590844,2026-08-30T13:05:39.021824+00:00,2026-08-30T13:05:55.031002+00:00
1.0,pcaps/known/video/video_p01_R04.pcap,42b27b138fb0adb9c79d8ac13a14b393c6db535db67f5e3d3c55291a31271210,video,video,P01,R04,train_known,validation,6586,17.61987,8290828,2026-08-30T13:06:27.402437+00:00,2026-08-30T13:06:45.022307+00:00
1.0,pcaps/known/video/video_p01_R05.pcap,ff81a87872d1603c64eba84f5c979a1e365dd4cf30f9d70c2e0f5453257c9364,video,video,P01,R05,train_known,locked_test,4448,10.098235,5176648,2026-08-30T13:07:17.443006+00:00,2026-08-30T13:07:27.541241+00:00
1.0,pcaps/known/video/video_p02.pcap,4917ad0a54d85b4997026955e892bd7ed4bff280cfcbce22a4a197eb0e32fa0b,video,video,P02,R01,train_known,train,8094,44.26322,9594040,2026-08-27T19:54:26.872425+00:00,2026-08-27T19:55:11.135645+00:00
1.0,pcaps/known/video/video_p02_R02.pcap,904bfd654654cf6289b91112b74c70dcae0e930736edb3fd7ec04f981ddff871,video,video,P02,R02,train_known,train,6106,12.820375,7108080,2026-08-30T05:39:18.921035+00:00,2026-08-30T05:39:31.741410+00:00
1.0,pcaps/known/video/video_p02_R03.pcap,5a3fdeff51b73eb64641bbd270e44c59bdf42a327fd91317db2eae0d905464ea,video,video,P02,R03,train_known,train,7174,15.890212,8346232,2026-08-30T13:08:00.245107+00:00,2026-08-30T13:08:16.135319+00:00
1.0,pcaps/known/video/video_p02_R04.pcap,a5a59a349c4943dde69903542ae54918f33ad514a9df926820f93f9457520c24,video,video,P02,R04,train_known,validation,7376,16.489421,8902292,2026-08-30T13:08:48.640043+00:00,2026-08-30T13:09:05.129464+00:00
1.0,pcaps/known/video/video_p02_R05.pcap,6f5472b3e71df0c4e5a68e97ee221d3f14e223418a30befc127cd76c29ff4375,video,video,P02,R05,train_known,locked_test,4166,8.586644,5147116,2026-08-30T13:09:37.469074+00:00,2026-08-30T13:09:46.055718+00:00
1.0,pcaps/known/video/video_p03.pcap,569437fbddcd008fc4d4c8a1cbb359f644ee03c434e3f124bc0eab452d2ed982,video,video,P03,R01,train_known,train,8003,48.123012,9510054,2026-08-27T19:55:56.650732+00:00,2026-08-27T19:56:44.773744+00:00
1.0,pcaps/known/video/video_p03_R02.pcap,d6b813c0c23966bd4caf68e7a725a8ce929cd2ebf8c7383451a944661dab6caa,video,video,P03,R02,train_known,train,5747,14.308664,7001462,2026-08-30T05:40:03.606909+00:00,2026-08-30T05:40:17.915573+00:00
1.0,pcaps/known/video/video_p03_R03.pcap,6ec93c24f3ee472ee43c02f2b1b9619b0a88eff76043b350fad27af555d26841,video,video,P03,R03,train_known,train,5988,11.765347,7072144,2026-08-30T13:10:18.367824+00:00,2026-08-30T13:10:30.133171+00:00
1.0,pcaps/known/video/video_p03_R04.pcap,f3f6c8615271c0859df037e207fdb6adf62ee957238fed3808ae23d0c067d0d9,video,video,P03,R04,train_known,validation,4181,9.018938,5154906,2026-08-30T13:11:02.655090+00:00,2026-08-30T13:11:11.674028+00:00
1.0,pcaps/known/video/video_p03_R05.pcap,52b39ccac0fb0d430111932ea146769f7d2d69324a5b1fdaf93996309116c3bc,video,video,P03,R05,train_known,locked_test,5659,12.516707,6967158,2026-08-30T13:11:44.435341+00:00,2026-08-30T13:11:56.952048+00:00
1.0,pcaps/known/video/video_p04.pcap,5e3af791d86d318cfe02dfbaa0dd8873a63a027a02ee26df3c0647147ac64a73,video,video,P04,R01,train_known,train,8763,53.400246,9524382,2026-08-27T19:57:26.435089+00:00,2026-08-27T19:58:19.835335+00:00
1.0,pcaps/known/video/video_p04_R02.pcap,cae6fb446eba528a62424789b97758903a6360800dacfb7a075c4d969bc008e3,video,video,P04,R02,train_known,train,8465,18.186998,8913018,2026-08-30T05:40:49.730854+00:00,2026-08-30T05:41:07.917852+00:00
1.0,pcaps/known/video/video_p04_R03.pcap,75de8733428875962421595819eec3e69cac893451ba4a19970cab38642417b7,video,video,P04,R03,train_known,train,6457,13.122722,6544026,2026-08-30T13:12:29.521114+00:00,2026-08-30T13:12:42.643836+00:00
1.0,pcaps/known/video/video_p04_R04.pcap,80bf738cc31fcce1f59e727f1635bcb20f262d1f570f7471439571b4f55bf484,video,video,P04,R04,train_known,validation,5645,11.979622,5828114,2026-08-30T13:13:15.132284+00:00,2026-08-30T13:13:27.111906+00:00
1.0,pcaps/known/video/video_p04_R05.pcap,e44509d22375d2f71751ddf278fe0c71d7ef884ed82d6dc9e0db95b30ab9e44d,video,video,P04,R05,train_known,locked_test,8766,18.134289,8984484,2026-08-30T13:13:59.488301+00:00,2026-08-30T13:14:17.622590+00:00
1.0,pcaps/known/video/video_p05.pcap,ba24e94002caa05c1eddaf01d6ee6ca6ca0dc9e1d54c12454e062e1141542526,video,video,P05,R01,train_known,train,8726,45.66403,10021932,2026-08-27T19:58:56.181110+00:00,2026-08-27T19:59:41.845140+00:00
1.0,pcaps/known/video/video_p05_R02.pcap,76b25c10ed829f985eddac9539dd038df891047c7e632005ca131d7bd35af8b5,video,video,P05,R02,train_known,train,5970,11.505775,6868900,2026-08-30T05:41:47.593993+00:00,2026-08-30T05:41:59.099768+00:00
1.0,pcaps/known/video/video_p05_R03.pcap,349f86ec0891e348965b94684c504ea56487a25047f48c6401e286646791deba,video,video,P05,R03,train_known,train,5905,13.675751,7275518,2026-08-30T13:14:50.349552+00:00,2026-08-30T13:15:04.025303+00:00
1.0,pcaps/known/video/video_p05_R04.pcap,fb19cac9925c17dabd2521d2369e322df164c3e909a075e02106a90884139327,video,video,P05,R04,train_known,validation,6638,11.320645,6959852,2026-08-30T13:15:36.874040+00:00,2026-08-30T13:15:48.194685+00:00
1.0,pcaps/known/video/video_p05_R05.pcap,efac8f78673051265e2fe06a3efa644f5918926c9787a06ee2d6e5c7f07ccf71,video,video,P05,R05,train_known,locked_test,8008,18.099955,9851432,2026-08-30T13:16:20.806877+00:00,2026-08-30T13:16:38.906832+00:00
1.0,pcaps/known/voip/voip_p01_R01.pcap,fba8dc56bef3fb6c6fc2254fafa3cab85cc4acf65f3be03ed7e9d795e0c024d3,voip,voip,P01,R01,train_known,train,929,52.419512,1001986,2026-08-30T06:27:40.575491+00:00,2026-08-30T06:28:32.995003+00:00
1.0,pcaps/known/voip/voip_p01_R02.pcap,39f64860f8841357a0d11ef6b59cb55f25ccc1af585772dcef0dc2bcc5cd40a7,voip,voip,P01,R02,train_known,train,1359,76.394933,1471566,2026-08-30T06:29:04.243388+00:00,2026-08-30T06:30:20.638321+00:00
1.0,pcaps/known/voip/voip_p01_R03.pcap,517283b9f682d80b4f3b2169bbdbddc2cb32363eafa1d8c71d19d261b904d989,voip,voip,P01,R03,train_known,train,606,34.545679,653780,2026-08-30T14:18:04.072677+00:00,2026-08-30T14:18:38.618356+00:00
1.0,pcaps/known/voip/voip_p01_R04.pcap,2d7cb561e25011952939ab456762711ade3856b33b79dcc1fc7cdf1fd321bdd0,voip,voip,P01,R04,train_known,validation,729,41.494652,787314,2026-08-30T14:19:10.536862+00:00,2026-08-30T14:19:52.031514+00:00
1.0,pcaps/known/voip/voip_p01_R05.pcap,eb29a663f86cf88faef7224fe72c50d008dcfd1a588c6072eaf4f0317ad2c976,voip,voip,P01,R05,train_known,locked_test,963,54.405611,1040854,2026-08-30T14:20:23.870708+00:00,2026-08-30T14:21:18.276319+00:00
1.0,pcaps/known/voip/voip_p02_R01.pcap,63da72189e7b9596bd309e17f143a72f0f687ded233cdbd24e805ff76705bf03,voip,voip,P02,R01,train_known,train,693,39.376485,744770,2026-08-30T06:30:51.761374+00:00,2026-08-30T06:31:31.137859+00:00
1.0,pcaps/known/voip/voip_p02_R02.pcap,d8ef1b50b2f56518384120b969ad44b3f64870bf68fba4b355585b893a58f01a,voip,voip,P02,R02,train_known,train,873,49.376562,939674,2026-08-30T06:32:02.112636+00:00,2026-08-30T06:32:51.489198+00:00
1.0,pcaps/known/voip/voip_p02_R03.pcap,6ee8d63838b7daa4140f13f545df562b55254c3de628553b0a1252260f162277,voip,voip,P02,R03,train_known,train,981,55.43308,1055626,2026-08-30T14:21:50.030393+00:00,2026-08-30T14:22:45.463473+00:00
1.0,pcaps/known/voip/voip_p02_R04.pcap,9e6bee66b65edb3dedc0f7f298e8a5a929fd5370691479cd3484aa81cacea938,voip,voip,P02,R04,train_known,validation,1487,83.454511,1601638,2026-08-30T14:23:17.194367+00:00,2026-08-30T14:24:40.648878+00:00
1.0,pcaps/known/voip/voip_p02_R05.pcap,b3d93731caa3b58cd8282307bc14b228cb5f159b859f187380bb4c2077cb295b,voip,voip,P02,R05,train_known,locked_test,1377,77.44071,1484402,2026-08-30T14:25:12.390586+00:00,2026-08-30T14:26:29.831296+00:00
1.0,pcaps/known/voip/voip_p03_R01.pcap,7375a0be40867aca12b258fb631055e954acb8a88e3fb26bd796fdc48724d6e9,voip,voip,P03,R01,train_known,train,819,46.42157,885206,2026-08-30T06:33:22.679427+00:00,2026-08-30T06:34:09.100997+00:00
1.0,pcaps/known/voip/voip_p03_R02.pcap,5f010abdf7d48eb13d1dfd1e0a7f6a2884743cfca260ac0cc588e2818c53dea3,voip,voip,P03,R02,train_known,train,1129,63.533867,1219186,2026-08-30T06:34:40.070179+00:00,2026-08-30T06:35:43.604046+00:00
1.0,pcaps/known/voip/voip_p03_R03.pcap,78347ba206059e434a5f53ffc25d1c82367dbe12f77093137c960539354531f8,voip,voip,P03,R03,train_known,train,711,40.434907,767742,2026-08-30T14:27:01.572739+00:00,2026-08-30T14:27:42.007646+00:00
1.0,pcaps/known/voip/voip_p03_R04.pcap,032fa88372c46521c03cfa3f648e9ce18a49ad6eb1c7dc186277b6b588c37138,voip,voip,P03,R04,train_known,validation,549,31.49053,591530,2026-08-30T14:28:13.700952+00:00,2026-08-30T14:28:45.191482+00:00
1.0,pcaps/known/voip/voip_p03_R05.pcap,2b7b7fbe69c2a63012f54d20ade5ed83c689183ce6ff2d78aa63fa7535a9a855,voip,voip,P03,R05,train_known,locked_test,603,34.437474,650278,2026-08-30T14:29:16.941424+00:00,2026-08-30T14:29:51.378898+00:00
1.0,pcaps/known/voip/voip_p04_R01.pcap,8436624329afe5807b02fd4f47f558e3210a37faae174c2520dc728ac6c24947,voip,voip,P04,R01,train_known,train,1325,74.461199,1419794,2026-08-30T06:36:14.967576+00:00,2026-08-30T06:37:29.428775+00:00
1.0,pcaps/known/voip/voip_p04_R02.pcap,015cb0816e09aefaabf57211cd16008b993f5815a5001c39b79afc499fabe75c,voip,voip,P04,R02,train_known,train,1037,58.458403,1109362,2026-08-30T06:38:00.835086+00:00,2026-08-30T06:38:59.293489+00:00
1.0,pcaps/known/voip/voip_p04_R03.pcap,7acfbd39483baaf83cfc5c20fad7f0f43be5b9aaf1616746fa3fedddfe55a4d2,voip,voip,P04,R03,train_known,train,1377,77.413656,1477722,2026-08-30T14:30:23.166288+00:00,2026-08-30T14:31:40.579944+00:00
1.0,pcaps/known/voip/voip_p04_R04.pcap,c50635fd8537d03942eec1c4444c032c697b9ef21f0f3a5f6e1af0ca5c13f1d6,voip,voip,P04,R04,train_known,validation,1161,65.400973,1244906,2026-08-30T14:32:12.364252+00:00,2026-08-30T14:33:17.765225+00:00
1.0,pcaps/known/voip/voip_p04_R05.pcap,d2247a374bc9cbfcaa66786d5a590c7139f0929847c742dd690c9f2930da4e6a,voip,voip,P04,R05,train_known,locked_test,729,41.479832,780202,2026-08-30T14:33:49.516355+00:00,2026-08-30T14:34:30.996187+00:00
1.0,pcaps/known/voip/voip_p05_R01.pcap,7b768c402f8123547bf2143e4d2d6f191d4f1a6ff11eb01e0815f536888da6f4,voip,voip,P05,R01,train_known,train,2024,64.359213,2439144,2026-08-30T06:39:30.668570+00:00,2026-08-30T06:40:35.027783+00:00
1.0,pcaps/known/voip/voip_p05_R02.pcap,b094ccb7c6c92723f6d9b3d9a4ad8e52a86b6bb19603ee9cf06a979202e2ae14,voip,voip,P05,R02,train_known,train,1224,39.402277,1474024,2026-08-30T06:41:06.210288+00:00,2026-08-30T06:41:45.612565+00:00
1.0,pcaps/known/voip/voip_p05_R03.pcap,9a811c4295037acd6c47c2a6031de9252732e7e664b1050910378a5acfa6f5f2,voip,voip,P05,R03,train_known,train,2860,90.492088,3443680,2026-08-30T14:35:02.790390+00:00,2026-08-30T14:36:33.282478+00:00
1.0,pcaps/known/voip/voip_p05_R04.pcap,33351296a80eb396e843356ad7998a90afab5866526c5d61758aa0639394dc55,voip,voip,P05,R04,train_known,validation,936,30.462928,1126568,2026-08-30T14:37:05.036468+00:00,2026-08-30T14:37:35.499396+00:00
1.0,pcaps/known/voip/voip_p05_R05.pcap,fe4fd0dc0e1ccb34f43ccebdd502a405c9caf3989a8ba2e55982863f0aa4c4f5,voip,voip,P05,R05,train_known,locked_test,1032,33.43906,1242408,2026-08-30T14:38:07.171339+00:00,2026-08-30T14:38:40.610399+00:00
1.0,pcaps/known/web/web_p01.pcap,fd2d3e3f9b8e17cd4bb895ab9a991037b375d2be3e3ea252533f22ae809d9a0f,web,web,P01,R01,train_known,train,3905,10.357845,3231506,2026-08-27T19:46:12.513285+00:00,2026-08-27T19:46:22.871130+00:00
1.0,pcaps/known/web/web_p01_R02.pcap,9e8bc2549795eee4795b1b471c790ee179feedf8237e20dcbc27189b8623591f,web,web,P01,R02,train_known,train,103,0.791641,18446,2026-08-30T05:35:41.711610+00:00,2026-08-30T05:35:42.503251+00:00
1.0,pcaps/known/web/web_p01_R03.pcap,b91f51c8f12891397d57f5d9ccdbab2b4bb69d7d9b7cd4c70c2b7aab292f7fce,web,web,P01,R03,train_known,train,50,0.962808,9004,2026-08-30T12:56:56.993317+00:00,2026-08-30T12:56:57.956125+00:00
1.0,pcaps/known/web/web_p01_R04.pcap,e8abca9e40e606d251fc85c812009716dc924348a8fc08475482ed846edf977d,web,web,P01,R04,train_known,validation,90,4.266059,16124,2026-08-30T12:57:28.979513+00:00,2026-08-30T12:57:33.245572+00:00
1.0,pcaps/known/web/web_p01_R05.pcap,4969f7d6e2f13967c20d6dcbd08976b8406791af82926225d6d8a66ebf46542c,web,web,P01,R05,train_known,locked_test,52,0.633839,9312,2026-08-30T12:58:04.637875+00:00,2026-08-30T12:58:05.271714+00:00
1.0,pcaps/known/web/web_p02.pcap,22f65db528435e5d455e65a767a5aea61ee1a3611616b7e912bedc4fbee54726,web,web,P02,R01,train_known,train,3875,9.356106,3211702,2026-08-27T19:48:35.460266+00:00,2026-08-27T19:48:44.816372+00:00
1.0,pcaps/known/web/web_p02_R02.pcap,73962190c78191feefd9400cc7aa6cde182df4f2dacadd3318dc47e30730345d,web,web,P02,R02,train_known,train,65,2.053978,11194,2026-08-30T05:36:13.432093+00:00,2026-08-30T05:36:15.486071+00:00
1.0,pcaps/known/web/web_p02_R03.pcap,1ecab4414fc7cbfbc8eb5d6201aa6007cbd01515411a9edfb8eb80ab307e3298,web,web,P02,R03,train_known,train,62,2.070106,10756,2026-08-30T12:58:36.626592+00:00,2026-08-30T12:58:38.696698+00:00
1.0,pcaps/known/web/web_p02_R04.pcap,76af68ad92483f0d29b30097b35c7fa695f6d421a88482690ff9d8d42bb6857c,web,web,P02,R04,train_known,validation,104,3.607605,17896,2026-08-30T12:59:10.654499+00:00,2026-08-30T12:59:14.262104+00:00
1.0,pcaps/known/web/web_p02_R05.pcap,1b4cfdc0bc776c40af637eb28a4c58051417880e07ac5880ef29e1d9d11354f2,web,web,P02,R05,train_known,locked_test,64,2.864926,11048,2026-08-30T12:59:46.197894+00:00,2026-08-30T12:59:49.062820+00:00
1.0,pcaps/known/web/web_p03.pcap,5addcc676532131d43b38afb22066e293c9d2a123689171fe794a54d7be1b68a,web,web,P03,R01,train_known,train,3872,11.340467,3226424,2026-08-27T19:49:39.972607+00:00,2026-08-27T19:49:51.313074+00:00
1.0,pcaps/known/web/web_p03_R02.pcap,7f790f8ff89af6de486d32a76d99faa70a9c29555d06678234bf43adfd2ce6ec,web,web,P03,R02,train_known,train,142,6.120432,25412,2026-08-30T05:36:46.971902+00:00,2026-08-30T05:36:53.092334+00:00
1.0,pcaps/known/web/web_p03_R03.pcap,fe1869a97d2741db04e991726bf85b38b08b6f91e4dbae29000b438ebfd1e4fa,web,web,P03,R03,train_known,train,130,6.440602,23244,2026-08-30T13:00:21.203712+00:00,2026-08-30T13:00:27.644314+00:00
1.0,pcaps/known/web/web_p03_R04.pcap,9dd95d540fdfb8e11093c9c794db541d603b504ec2673c85b34031eafc19c42d,web,web,P03,R04,train_known,validation,117,3.331856,20922,2026-08-30T13:00:59.798320+00:00,2026-08-30T13:01:03.130176+00:00
1.0,pcaps/known/web/web_p03_R05.pcap,f11225b0a96e1d6e6909fa23049e80f14fa39d5e0722810e7700266fc06a9c0d,web,web,P03,R05,train_known,locked_test,65,2.067397,11634,2026-08-30T13:01:35.112835+00:00,2026-08-30T13:01:37.180232+00:00
1.0,pcaps/known/web/web_p04.pcap,f3d92c90576b47bf1acd548828d0a93f61120742f83e27acbe415caf35fc2474,web,web,P04,R01,train_known,train,3364,10.35207,3251136,2026-08-27T19:50:44.412368+00:00,2026-08-27T19:50:54.764438+00:00
1.0,pcaps/known/web/web_p04_R02.pcap,67ce6f7308b5aef88674ccf723689b06e1edd5e6a377d414df90a5b744dd8ccf,web,web,P04,R02,train_known,train,43,0.942573,7454,2026-08-30T05:37:24.655914+00:00,2026-08-30T05:37:25.598487+00:00
1.0,pcaps/known/web/web_p04_R03.pcap,068ce1a4dbdea16323cedc04f10eeb850c135123e1e9e0543af81d4af07fc359,web,web,P04,R03,train_known,train,109,4.637166,18818,2026-08-30T13:02:09.028290+00:00,2026-08-30T13:02:13.665456+00:00
1.0,pcaps/known/web/web_p04_R04.pcap,637c5d3ed5c831ba6bec6b2cc130679e21c2e4ac2daabb73de91642f86c71377,web,web,P04,R04,train_known,validation,73,4.294254,12698,2026-08-30T13:02:45.726603+00:00,2026-08-30T13:02:50.020857+00:00
1.0,pcaps/known/web/web_p04_R05.pcap,cf5969164c0ad424cc2affd9407b774add69bd3629f5ed876a58fd33b036a558,web,web,P04,R05,train_known,locked_test,59,1.269902,10078,2026-08-30T13:03:22.252953+00:00,2026-08-30T13:03:23.522855+00:00
1.0,pcaps/known/web/web_p05.pcap,abc56da8961e7f2675d6d97082037b62c2fc20e602e85873ef83f02123ff9953,web,web,P05,R01,train_known,train,4043,9.367751,3439578,2026-08-27T19:51:48.873415+00:00,2026-08-27T19:51:58.241166+00:00
1.0,pcaps/known/web/web_p05_R02.pcap,7d8b01058c5252c3b8173234973303b4c115a149e4e24469d4a0acb802e5e5a6,web,web,P05,R02,train_known,train,116,2.497751,26304,2026-08-30T05:37:56.729679+00:00,2026-08-30T05:37:59.227430+00:00
1.0,pcaps/known/web/web_p05_R03.pcap,3b6329ddff27b57d4a3977a5e9b01a077284076151dc804e9fe3dfc45f2d0094,web,web,P05,R03,train_known,train,103,0.842799,23362,2026-08-30T13:03:55.462222+00:00,2026-08-30T13:03:56.305021+00:00
1.0,pcaps/known/web/web_p05_R04.pcap,c3a6dd08493233afea57caff718eed491af488649999071f91c033634795c966,web,web,P05,R04,train_known,validation,111,4.962308,25314,2026-08-30T13:04:28.148494+00:00,2026-08-30T13:04:33.110802+00:00
1.0,pcaps/known/web/web_p05_R05.pcap,67f920916eb36b154f513a9e2cdc4db321e16f4708e767f8a02078dc2dda8716,web,web,P05,R05,train_known,locked_test,101,2.208538,22966,2026-08-30T13:05:05.210921+00:00,2026-08-30T13:05:07.419459+00:00
1.0,pcaps/ood/archive/dns_p01.pcap,2f918df439e09848fc17e89faf1e192e44c8788a61a1535a454f8e8470e07b6d,IGNORE,dns,P01,R01,archived_provenance,train,49,14.104593,6610,2026-08-30T06:42:15.748688+00:00,2026-08-30T06:42:29.853281+00:00
1.0,pcaps/ood/archive/dns_p02.pcap,272578850fbaaaceca1a101cad5fcf1dd7405ca4ebd2a3dc00b6e0d287142f35,IGNORE,dns,P02,R01,archived_provenance,train,49,13.10777,6534,2026-08-30T06:42:59.618856+00:00,2026-08-30T06:43:12.726626+00:00
1.0,pcaps/ood/archive/gaming_udp_p04.pcap,0029174c3f7bcd3b6d0e97e8776c287f8ec0a1fb820d8f9667b0149c1259f1a2,IGNORE,gaming_udp,P04,R01,archived_provenance,train,232,76.43977,69928,2026-08-30T06:44:21.048901+00:00,2026-08-30T06:45:37.488671+00:00
1.0,pcaps/ood/archive/ssh_p03.pcap,9129840b45bbe5a790445a2b5bcbd420f3a0343d2187e9e7573512bb7b73d1da,IGNORE,interactive_ssh,P03,R01,archived_provenance,train,100,7.709652,14624,2026-08-30T06:43:43.468360+00:00,2026-08-30T06:43:51.178012+00:00
1.0,pcaps/ood/database_p01_R01.pcap,1507f2ddca7f0de957f944f94490872ac30a6cbc6617194d3fc8fe1e853410bc,IGNORE,database,P01,R01,ood_eval,train,80,11.919514,11704,2026-08-30T14:44:13.930173+00:00,2026-08-30T14:44:25.849687+00:00
1.0,pcaps/ood/database_p02_R01.pcap,6e50fcf0ab1624b2fa6552e407ddd1863f6f1084aac4cbcb603704f42a9d1cc4,IGNORE,database,P02,R01,ood_eval,train,80,11.933725,11544,2026-08-30T14:51:11.845466+00:00,2026-08-30T14:51:23.779191+00:00
1.0,pcaps/ood/database_p03_R01.pcap,7b0565c3bd1f08d467fd1b5b1d89c92d208e8be6058a0ef8c9c3718761555f32,IGNORE,database,P03,R01,ood_eval,train,80,11.918913,11704,2026-08-30T14:58:10.244886+00:00,2026-08-30T14:58:22.163799+00:00
1.0,pcaps/ood/database_p04_R01.pcap,a06b60ddf0c7eee408ffb9655608afbff2a493961c31518537431bf46243eda1,IGNORE,database,P04,R01,ood_eval,train,80,11.948795,11064,2026-08-30T15:05:07.761260+00:00,2026-08-30T15:05:19.710055+00:00
1.0,pcaps/ood/database_p05_R01.pcap,7cbe956912c0a1d0802e6fb768f8fbe66fa8b26d6be6158a6dcd1b780b566fc2,IGNORE,database,P05,R01,ood_eval,train,160,12.305633,50904,2026-08-30T15:09:10.399039+00:00,2026-08-30T15:09:22.704672+00:00
1.0,pcaps/ood/dns_p01_R01.pcap,02d8504c59922269555c3383ff91514a216da20f4d46c0fdad912e9dd068e688,IGNORE,dns,P01,R01,ood_eval,train,192,66.726746,27864,2026-08-30T14:39:11.133854+00:00,2026-08-30T14:40:17.860600+00:00
1.0,pcaps/ood/dns_p02_R01.pcap,88ecae542b6bd33411b0c579c4658b723678317541b9e77d00deff7ab75ce86c,IGNORE,dns,P02,R01,ood_eval,train,192,66.654173,26364,2026-08-30T14:46:09.284984+00:00,2026-08-30T14:47:15.939157+00:00
1.0,pcaps/ood/dns_p03_R01.pcap,5e9c68e303b6df98180bef1005fec73e8529e5323c85e5b70ff5a88b42971b92,IGNORE,dns,P03,R01,ood_eval,train,192,66.555374,27864,2026-08-30T14:53:07.350790+00:00,2026-08-30T14:54:13.906164+00:00
1.0,pcaps/ood/dns_p04_R01.pcap,a41c55bb3b8a1dad1ef16ae942cc5cec2b5de90d46337370b451bd6cd6a504f6,IGNORE,dns,P04,R01,ood_eval,train,192,66.720681,24552,2026-08-30T15:00:04.637851+00:00,2026-08-30T15:01:11.358532+00:00
1.0,pcaps/ood/dns_p05_R01.pcap,ec43c9a0353182fcc7eebc88d3f45e818fe62c121fff16ff0ef476844a80e4ac,IGNORE,dns,P05,R01,ood_eval,train,160,12.341539,50904,2026-08-30T15:07:02.130428+00:00,2026-08-30T15:07:14.471967+00:00
1.0,pcaps/ood/gaming_udp_p01_R01.pcap,4705b00541d45306c232c1aa805fc2891a409b01665bbc5c06b4aa343a5c3a18,IGNORE,gaming_udp,P01,R01,ood_eval,train,388,132.527991,113856,2026-08-30T14:41:30.288210+00:00,2026-08-30T14:43:42.816201+00:00
1.0,pcaps/ood/gaming_udp_p02_R01.pcap,abff2b320248e9b9a1597b00b8b244b61fb8c78a75bde42f92aadbb621a1f3f7,IGNORE,gaming_udp,P02,R01,ood_eval,train,388,132.560291,113304,2026-08-30T14:48:28.258429+00:00,2026-08-30T14:50:40.818720+00:00
1.0,pcaps/ood/gaming_udp_p03_R01.pcap,9afb1944fac98e6f096dd69611f167a2f5bbc625ff33b8c9c9d07bc68cb3df94,IGNORE,gaming_udp,P03,R01,ood_eval,train,388,132.414515,113856,2026-08-30T14:55:26.571493+00:00,2026-08-30T14:57:38.986008+00:00
1.0,pcaps/ood/gaming_udp_p04_R01.pcap,c4453f3244ac84d9e79a786247553af35454d4a6ade8f4d5dea0340fea561ae0,IGNORE,gaming_udp,P04,R01,ood_eval,train,388,132.482852,110752,2026-08-30T15:02:23.957527+00:00,2026-08-30T15:04:36.440379+00:00
1.0,pcaps/ood/gaming_udp_p05_R01.pcap,4c8a5407d6b65b11bf5cf11f42830a90d6f64e1c33a5059239742890f6efe931,IGNORE,gaming_udp,P05,R01,ood_eval,train,160,12.311301,50904,2026-08-30T15:08:27.746390+00:00,2026-08-30T15:08:40.057691+00:00
1.0,pcaps/ood/remote_desktop_p01_R01.pcap,27a69d1bfef831eb65255321b97ce52acf101f77eb66195b0c89d03a016fe750,IGNORE,remote_desktop,P01,R01,ood_eval,train,127,41.931295,114798,2026-08-30T14:44:56.157579+00:00,2026-08-30T14:45:38.088874+00:00
1.0,pcaps/ood/remote_desktop_p02_R01.pcap,c84d464d2cff6825a5d7b94800a7b15e3aae783c4861c72e1b1bbc5df7cb1f5f,IGNORE,remote_desktop,P02,R01,ood_eval,train,127,41.982221,113274,2026-08-30T14:51:54.096767+00:00,2026-08-30T14:52:36.078988+00:00
1.0,pcaps/ood/remote_desktop_p03_R01.pcap,1acda5806c9ca013d91ba6a9d64e7bb8757635dc6d94cc15f9df7e831c4b3c0b,IGNORE,remote_desktop,P03,R01,ood_eval,train,128,42.04427,115480,2026-08-30T14:58:52.427730+00:00,2026-08-30T14:59:34.472000+00:00
1.0,pcaps/ood/remote_desktop_p04_R01.pcap,cda5f93dca2359bfc683449d9c59a85a56761a5f287d1a945943743b59852888,IGNORE,remote_desktop,P04,R01,ood_eval,train,128,42.000717,112408,2026-08-30T15:05:49.970542+00:00,2026-08-30T15:06:31.971259+00:00
1.0,pcaps/ood/remote_desktop_p05_R01.pcap,b8a4eb076db350248d3be7712b9dc5fc178d0231ba17108e8b21fa81a7c5b5f8,IGNORE,remote_desktop,P05,R01,ood_eval,train,160,12.334866,50904,2026-08-30T15:09:52.960160+00:00,2026-08-30T15:10:05.295026+00:00
1.0,pcaps/ood/ssh_p01_R01.pcap,7d66b9aef75d6e0cb83759185dded4d90722222e2dbe3017e7f5bd0cba0274c0,IGNORE,ssh,P01,R01,ood_eval,train,60,11.792078,8784,2026-08-30T14:40:48.054492+00:00,2026-08-30T14:40:59.846570+00:00
1.0,pcaps/ood/ssh_p02_R01.pcap,d20f49bf3e0cea00a4b8cf8a8adf1d58a9c50dd1ad3bdc6eae29df448ca42453,IGNORE,ssh,P02,R01,ood_eval,train,60,11.769847,8664,2026-08-30T14:47:46.102553+00:00,2026-08-30T14:47:57.872400+00:00
1.0,pcaps/ood/ssh_p03_R01.pcap,16616ebcfede424c92527c66faebda51ba69d5e621cb0ee9a13df24c3bdd0bc2,IGNORE,ssh,P03,R01,ood_eval,train,60,11.776727,8784,2026-08-30T14:54:44.279119+00:00,2026-08-30T14:54:56.055846+00:00
1.0,pcaps/ood/ssh_p04_R01.pcap,f520cfeb43472040af5cbb4695fe017f8c8f4851eba5955fe0dc9da2df08e437,IGNORE,ssh,P04,R01,ood_eval,train,60,11.791295,8304,2026-08-30T15:01:41.576883+00:00,2026-08-30T15:01:53.368178+00:00
1.0,pcaps/ood/ssh_p05_R01.pcap,2224db770e8724062ef995bb1354ec3565a72c6ec7a782c4af21bb9289e9f9c9,IGNORE,ssh,P05,R01,ood_eval,train,160,12.335534,50904,2026-08-30T15:07:44.888731+00:00,2026-08-30T15:07:57.224265+00:00
1.0,pcaps/protocol_validation/ike_session_p01.pcap,81bfaed80fc4eb21d41f7eb84b670fe5062f2c8753ef354a01ee066aa82fde06,IGNORE,protocol_session,P01,R01,protocol_validation,train,10,2.274585,2788,2026-08-30T06:53:21.366613+00:00,2026-08-30T06:53:23.641198+00:00
1.0,pcaps/protocol_validation/ike_session_p02.pcap,cc6f7a8309c7c55243010cdbb87576ddecf7bfcfbc71eee2e6cf718bda178485,IGNORE,protocol_session,P02,R01,protocol_validation,train,10,2.275221,2300,2026-08-30T06:47:46.710831+00:00,2026-08-30T06:47:48.986052+00:00
1.0,pcaps/protocol_validation/ike_session_p03.pcap,bb11f9efb043c951123dc0b6ac252d3871f5eccf09c48f98c1dc116cf488f67f,IGNORE,protocol_session,P03,R01,protocol_validation,train,15,2.306781,3958,2026-08-30T06:48:17.399012+00:00,2026-08-30T06:48:19.705793+00:00
1.0,pcaps/protocol_validation/ike_session_p04.pcap,426bf9cdf9641c9ecd200c0c1ac4729ccfe6231395cad27e54186a4e9eb95ff6,IGNORE,protocol_session,P04,R01,protocol_validation,train,15,2.290625,4490,2026-08-30T06:48:48.006529+00:00,2026-08-30T06:48:50.297154+00:00
1.0,pcaps/protocol_validation/ike_session_p05.pcap,7a147ceadcd1bb2f760b5d8a10e0c24552263c18527b19631c29f0d23c27c070,IGNORE,protocol_session,P05,R01,protocol_validation,train,10,2.277298,2956,2026-08-30T06:49:18.803672+00:00,2026-08-30T06:49:21.080970+00:00
1.0,pcaps/anomaly/icmp_flood_p01_R01.pcap,77b42add21a17792ca156ddaa1a7bb0a9dcee8a337b4b72937afd8a3947b1b2d,IGNORE,unknown,P01,R01,anomaly_eval,train,2848,29.985472,1805656,2026-08-30T15:51:19.398353+00:00,2026-08-30T15:51:49.383825+00:00
1.0,pcaps/anomaly/udp_flood_p01_R01.pcap,5f24beaffc9f0ad6d5754003a41e58242897bf3b4231a418148eb9ce04cdd72e,IGNORE,unknown,P01,R01,anomaly_eval,train,97,29.369121,105858,2026-08-30T15:52:20.193445+00:00,2026-08-30T15:52:49.562566+00:00
1.0,pcaps/anomaly/beacon_burst_p01_R01.pcap,ceb5b3ef20c558082cd4d428dc72c857df60c7a46c822634b975c85ce28dec4f,IGNORE,unknown,P01,R01,anomaly_eval,train,97,32.245926,60050,2026-08-30T15:53:21.397709+00:00,2026-08-30T15:53:53.643635+00:00
1.0,pcaps/anomaly/icmp_flood_p02_R01.pcap,e3347096fe237e86f24311fa7d5e2932564257671d5f57d9ddbceb065592f623,IGNORE,unknown,P02,R01,anomaly_eval,train,2844,29.986453,1803120,2026-08-30T15:54:25.423702+00:00,2026-08-30T15:54:55.410155+00:00
1.0,pcaps/anomaly/udp_flood_p02_R01.pcap,909ddd216c00598eba9a5e585ebe750f46747bd7b3dd99f17a5c4e5e199009db,IGNORE,unknown,P02,R01,anomaly_eval,train,97,29.416866,105438,2026-08-30T15:55:26.387048+00:00,2026-08-30T15:55:55.803914+00:00
1.0,pcaps/anomaly/beacon_burst_p02_R01.pcap,40bd9c8a72bf353951190e6b945016b86823d8220923a6385bfe37e151d25382,IGNORE,unknown,P02,R01,anomaly_eval,train,97,32.263979,59090,2026-08-30T15:56:27.422149+00:00,2026-08-30T15:56:59.686128+00:00
1.0,pcaps/anomaly/icmp_flood_p03_R01.pcap,bec5f3bfef5d3e0a1907064244446225480a127e1d53f6e6425b9f22756c28d7,IGNORE,unknown,P03,R01,anomaly_eval,train,2846,29.990012,1804388,2026-08-30T15:57:31.313879+00:00,2026-08-30T15:58:01.303891+00:00
1.0,pcaps/anomaly/udp_flood_p03_R01.pcap,4426bbae371293de46e00263ff21a6a2248b1e3d6a9fddc2a709daa9ceff1e49,IGNORE,unknown,P03,R01,anomaly_eval,train,97,29.402971,105858,2026-08-30T15:58:32.131540+00:00,2026-08-30T15:59:01.534511+00:00
1.0,pcaps/anomaly/beacon_burst_p03_R01.pcap,a311a2b44d2c1f1c249b05fc1eaf4ac421842cbceb29f898f6ef5413dffaf3ca,IGNORE,unknown,P03,R01,anomaly_eval,train,97,32.219186,60050,2026-08-30T15:59:33.045947+00:00,2026-08-30T16:00:05.265133+00:00
1.0,pcaps/anomaly/icmp_flood_p04_R01.pcap,3098935330ad7ff0b95fc432a48c5b4f1493dcece559987016e23115e0d1f50e,IGNORE,unknown,P04,R01,anomaly_eval,train,2846,29.977497,1781620,2026-08-30T16:00:37.159319+00:00,2026-08-30T16:01:07.136816+00:00
1.0,pcaps/anomaly/udp_flood_p04_R01.pcap,3b4002136a0e13104a9c002a33244053f82890395072f164f599fd2704aab4f1,IGNORE,unknown,P04,R01,anomaly_eval,train,97,29.442344,104522,2026-08-30T16:01:38.219131+00:00,2026-08-30T16:02:07.661475+00:00
1.0,pcaps/anomaly/beacon_burst_p04_R01.pcap,23be1a0eaf2ed9faaac709e847f41a865e5e58bde5433fdda13328ccde092958,IGNORE,unknown,P04,R01,anomaly_eval,train,97,32.251632,57994,2026-08-30T16:02:39.208821+00:00,2026-08-30T16:03:11.460453+00:00
1.0,pcaps/anomaly/icmp_flood_p05_R01.pcap,70470ae1655b19a6a2e847333fee56175f82a5909b8b954a13b3d7118f787ce2,IGNORE,unknown,P05,R01,anomaly_eval,train,2830,29.977809,1964044,2026-08-30T16:03:43.295109+00:00,2026-08-30T16:04:13.272918+00:00
1.0,pcaps/anomaly/udp_flood_p05_R01.pcap,c492c329955cf76534d27f1842ea3e56712fed3ccc16e6ffd8a37751be13eba6,IGNORE,unknown,P05,R01,anomaly_eval,train,444,29.728489,620448,2026-08-30T16:04:44.299381+00:00,2026-08-30T16:05:14.027870+00:00
1.0,pcaps/anomaly/beacon_burst_p05_R01.pcap,62bc9c823d6a24d867505e93cf911c255363c57be24878c7d37f20f8a5fec702,IGNORE,unknown,P05,R01,anomaly_eval,train,336,29.577816,334168,2026-08-30T16:05:45.397208+00:00,2026-08-30T16:06:14.975024+00:00
1.0,pcaps/anomaly/icmp_flood_p01_R02.pcap,075896bf2b4dbd98a2a6dc39854dfa9e678245463e07c9431d99cc45b14aa072,IGNORE,unknown,P01,R02,anomaly_eval,train,2856,29.992485,1810728,2026-08-30T16:06:46.616659+00:00,2026-08-30T16:07:16.609144+00:00
1.0,pcaps/anomaly/udp_flood_p01_R02.pcap,24533a0b1380705144f0e1499a107ae6349a22187803490f1d361e89e2667b6d,IGNORE,unknown,P01,R02,anomaly_eval,train,97,29.423466,105858,2026-08-30T16:07:47.757816+00:00,2026-08-30T16:08:17.181282+00:00
1.0,pcaps/anomaly/beacon_burst_p01_R02.pcap,5b860dd3f85c622f7161b5dbe9b498159492e881e361bc6de4fbd50c101659bc,IGNORE,unknown,P01,R02,anomaly_eval,train,97,32.232394,60050,2026-08-30T16:08:48.866795+00:00,2026-08-30T16:09:21.099189+00:00
1.0,pcaps/anomaly/icmp_flood_p02_R02.pcap,b11796b1c4dcfa086c290be4d31a45f2b138df0a2424968466ea3db01e47cc21,IGNORE,unknown,P02,R02,anomaly_eval,train,2830,29.996559,1794244,2026-08-30T16:09:52.980332+00:00,2026-08-30T16:10:22.976891+00:00
1.0,pcaps/anomaly/udp_flood_p02_R02.pcap,352795654a70325d02c77897a1553af13acccd130082bae6f76ae68b148086a1,IGNORE,unknown,P02,R02,anomaly_eval,train,97,29.42219,105438,2026-08-30T16:10:54.512823+00:00,2026-08-30T16:11:23.935013+00:00
1.0,pcaps/anomaly/beacon_burst_p02_R02.pcap,6523a687de1fb538b9376b3dc2532f7baec79eb3d1ab3be1dc08cad3d54f8dd7,IGNORE,unknown,P02,R02,anomaly_eval,train,97,32.254491,59090,2026-08-30T16:11:56.205197+00:00,2026-08-30T16:12:28.459688+00:00
1.0,pcaps/anomaly/icmp_flood_p03_R02.pcap,b7491e2f31025b7f18c1a9dbbae09cbc1da38f78ccbb53a952a4d0b6de3714f4,IGNORE,unknown,P03,R02,anomaly_eval,train,2828,29.987424,1792976,2026-08-30T16:13:00.791654+00:00,2026-08-30T16:13:30.779078+00:00
1.0,pcaps/anomaly/udp_flood_p03_R02.pcap,cc9647eabaa72bcbc696a5cf5968fa069f0a7c45b7bc8d4514fed5e9c028db3c,IGNORE,unknown,P03,R02,anomaly_eval,train,97,29.423052,105858,2026-08-30T16:14:02.489221+00:00,2026-08-30T16:14:31.912273+00:00
1.0,pcaps/anomaly/beacon_burst_p03_R02.pcap,36fda58bc45697786e2f1a20419bb0b6c0e2eb85c9896494121e7dadf87cef93,IGNORE,unknown,P03,R02,anomaly_eval,train,97,32.25404,60050,2026-08-30T16:15:04.218787+00:00,2026-08-30T16:15:36.472827+00:00
1.0,pcaps/anomaly/icmp_flood_p04_R02.pcap,f11480cb0b3432b37302362fad6bd8bd0f2a8a4a5ece9440234686f0f321a934,IGNORE,unknown,P04,R02,anomaly_eval,train,2832,29.993073,1772856,2026-08-30T16:16:09.125014+00:00,2026-08-30T16:16:39.118087+00:00
1.0,pcaps/anomaly/udp_flood_p04_R02.pcap,e0bb461ea318e78da472175de33f4764fcf4d036215326d6135830718d2ecc38,IGNORE,unknown,P04,R02,anomaly_eval,train,97,29.418699,104522,2026-08-30T16:17:10.872257+00:00,2026-08-30T16:17:40.290956+00:00
1.0,pcaps/anomaly/beacon_burst_p04_R02.pcap,5762a7c13fe30b0df8996c1cb42393be1d39726117a1069a9997a1185701f425,IGNORE,unknown,P04,R02,anomaly_eval,train,97,32.257904,57994,2026-08-30T16:18:12.855334+00:00,2026-08-30T16:18:45.113238+00:00
1.0,pcaps/anomaly/icmp_flood_p05_R02.pcap,7f6ff9ea09c54989d977b930311167bfc45d6e5c78cacc962235f1748fd3ac23,IGNORE,unknown,P05,R02,anomaly_eval,train,2824,29.975402,1959880,2026-08-30T16:19:17.847607+00:00,2026-08-30T16:19:47.823009+00:00
1.0,pcaps/anomaly/udp_flood_p05_R02.pcap,f356b049df47ecacc077713c4d3bb0c1468c74b5f68f93fba511d3f90ada89fe,IGNORE,unknown,P05,R02,anomaly_eval,train,450,29.978318,628836,2026-08-30T16:20:19.471615+00:00,2026-08-30T16:20:49.449933+00:00
1.0,pcaps/anomaly/beacon_burst_p05_R02.pcap,931625b1715473f0a65f0973e6e10dc9e7f0f6296dae56b4331ef40b800c6b0f,IGNORE,unknown,P05,R02,anomaly_eval,train,340,29.742526,338576,2026-08-30T16:21:20.981741+00:00,2026-08-30T16:21:50.724267+00:00
